artist_name,similar_artist_name
EXID,AOA
EXID,SISTAR
EXID,CLC
EXID,Girl's Day
EXID,4minute
George Ezra,Vance Joy
George Ezra,James Bay
George Ezra,Tom Grennan
George Ezra,Olly Murs
George Ezra,Andy Grammer
David Barrull,India Martinez
David Barrull,Nolasco
David Barrull,Sarayma
David Barrull,Canelita
David Barrull,Rasel
Mr Jones Machine,Sista mannen på jorden
Mr Jones Machine,Statemachine
Mr Jones Machine,The Mobile Homes
Mr Jones Machine,Children Within
Mr Jones Machine,Univaque
Chris Brown,Chris Brown & Tyga
Chris Brown,Trey Songz
Chris Brown,August Alsina
Chris Brown,Usher
Chris Brown,Omarion
Antônio Carlos Jobim,João Gilberto
Antônio Carlos Jobim,João Donato
Antônio Carlos Jobim,Roberto Menescal E Seu Conjunto
Antônio Carlos Jobim,Baden Powell
Antônio Carlos Jobim,Astrud Gilberto
Bogdan Artistu,Vali Vijelie
Bogdan Artistu,Cristi Dules
Bogdan Artistu,Liviu Guta
Bogdan Artistu,Babi Minune
Bogdan Artistu,Bogdan DLP
Ane Brun,Sophie Zelmani
Ane Brun,Kari Bremnes
Ane Brun,Fink
Ane Brun,Anna Ternheim
Ane Brun,Christel Alsos
Moana,Slow Bleeding
Moana,Pray For Mercy
Moana,Colwire
Moana,A Última Theoria
Moana,Every Man is An Island
Aimer,ReoNa
Aimer,Uru
Aimer,SawanoHiroyuki[nZk]:Aimer
Aimer,Milet
Aimer,SawanoHiroyuki[nZk]
Junco,Tijeritas
Junco,Canelita
Junco,José El Francés
Junco,Parrita
Junco,EL PELOS
Herencia de Timbiqui,Grupo Bahia
Herencia de Timbiqui,Puerto Candelaria
Herencia de Timbiqui,César Mora
Herencia de Timbiqui,Maía
Herencia de Timbiqui,Grupo Saboreo
Christina Aguilera,Britney Spears
Christina Aguilera,Jennifer Lopez
Christina Aguilera,The Pussycat Dolls
Christina Aguilera,Jessica Simpson
Christina Aguilera,Mariah Carey
Future,Young Thug
Future,DJ Esco
Future,Gunna
Future,Lil Baby
Future,21 Savage
T-Pain,Bow Wow
T-Pain,Baby Bash
T-Pain,Jamie Foxx
T-Pain,Trey Songz
T-Pain,Plies
Kamembert,Brighton 64
Kamembert,kamenbert
Kamembert,Los Negativos
Kamembert,Los Elegantes
Kamembert,Kristallin & Michele Bernard
Childish Gambino,"Tyler, The Creator"
Childish Gambino,Chance the Rapper
Childish Gambino,Vince Staples
Childish Gambino,Kid Cudi
Childish Gambino,Mac Miller
El biri,aldeskuido
El biri,El Suso
El biri,Cherezade
El biri,Sonsonete
El biri,Bernardo Vazquez
Birdman,Lil' Wayne
Birdman,YoungBoy Never Broke Again
Birdman,Birdman & Lil' Wayne
Birdman,Young Money
Birdman,Rick Ross
Olly Murs,Gary Barlow
Olly Murs,JLS
Olly Murs,Take That
Olly Murs,Ella Henderson
Olly Murs,Tom Grennan
Saad Lamjarred,Zouhair Bahaoui
Saad Lamjarred,Nancy Ajram
Saad Lamjarred,Hussain Al Jassmi
Saad Lamjarred,Myriam Fares
Saad Lamjarred,Mohamed Hamaki
Sam Smith,Adele
Sam Smith,James Arthur
Sam Smith,Calum Scott
Sam Smith,Jessie J
Sam Smith,Sam Fischer
Chino & Nacho,Joey Montana
Chino & Nacho,Daddy Yankee
Chino & Nacho,Piso 21
Chino & Nacho,Cali & El Dandee
Chino & Nacho,Angel y Khriz
Girl's Day,SISTAR
Girl's Day,AOA
Girl's Day,miss A
Girl's Day,Kara
Girl's Day,HELLO VENUS
Matisse,Zoé
Matisse,Kinky
Matisse,Jesse & Joy
Matisse,Reik
Matisse,Ha*Ash
Bossa Curve,Veer Glider
Bossa Curve,Claudia Rezende
Bossa Curve,Alana Marie
Bossa Curve,Bossanatics
Bossa Curve,BossArt Ensemble
Miley Cyrus,Hannah Montana
Miley Cyrus,Demi Lovato
Miley Cyrus,Selena Gomez
Miley Cyrus,Ke$ha
Miley Cyrus,Selena Gomez & the Scene
Bigal & L Jake,Lil Silvio & El Vega
Bigal & L Jake,Donny Caballero
Bigal & L Jake,Rocko y Blasty
Bigal & L Jake,El Vega
Bigal & L Jake,Los 4
Tom Boxer,DJ Project
Tom Boxer,DJ Sava
Tom Boxer,Akcent
Tom Boxer,Andreea Banica
Tom Boxer,Inna
Pitbull,Flo Rida
Pitbull,LMFAO
Pitbull,will.i.am
Pitbull,Far East Movement
Pitbull,Black Eyed Peas
Franco Sattamini,Lady Monarda
Franco Sattamini,Beatriz e Lucas
Franco Sattamini,A Beira Mar
Franco Sattamini,Trio Musical
Franco Sattamini,Hot Spot Band
Renee Olstead,Laura Fygi
Renee Olstead,Sophie Milman
Renee Olstead,Jane Monheit
Renee Olstead,Chantal Chamberland
Renee Olstead,Stacey Kent
Psy,Agust D
Psy,이소라
Psy,태양
Psy,j-hope
Psy,BTS
Vinícius,J. Pereira
Vinícius,Jorge Ben & Toquinho
Vinícius,Quarteto do Rio
Vinícius,Odette Lara
Vinícius,ジョアン・ジルベルト
Robin McKelle & The Flytones,Kat Eaton
Robin McKelle & The Flytones,Anthony Strong
Robin McKelle & The Flytones,Kellylee Evans
Robin McKelle & The Flytones,Ntjam Rosie
Robin McKelle & The Flytones,Dana Masters
Squeeze,Elvis Costello & The Attractions
Squeeze,Joe Jackson
Squeeze,Elvis Costello
Squeeze,Nick Lowe
Squeeze,Marshall Crenshaw
Estopa,Melendi
Estopa,El Canto del Loco
Estopa,Extremoduro
Estopa,Pereza
Estopa,Amaral
Sara Bareilles,Ingrid Michaelson
Sara Bareilles,A Fine Frenzy
Sara Bareilles,Colbie Caillat
Sara Bareilles,Kelly Clarkson
Sara Bareilles,Vanessa Carlton
Maribou State,Tourist
Maribou State,Catching Flies
Maribou State,George Fitzgerald
Maribou State,Parra for Cuva
Maribou State,Bonobo
Silver Pozzoli,Miko Mission
Silver Pozzoli,Brian Ice
Silver Pozzoli,K.B. Caps
Silver Pozzoli,Ken Laszlo
Silver Pozzoli,Max Him
Doe B.,Doe B
Doe B.,Alley Boy
Doe B.,Celeb Forever
Doe B.,Cap1
Doe B.,Zed Zilla
Kovacs,Alex Who?
Kovacs,Iyeoka
Kovacs,Hindi Zahra
Kovacs,Gin Wigmore
Kovacs,Caro Emerald
Michael Bublé,Bing Crosby
Michael Bublé,Diana Krall
Michael Bublé,Nat King Cole
Michael Bublé,Tony Bennett
Michael Bublé,"Harry Connick, Jr."
B.o.B,Flo Rida
B.o.B,Macklemore & Ryan Lewis
B.o.B,T.I.
B.o.B,Chiddy Bang
B.o.B,Nelly
Charli xcx,Sophie
Charli xcx,Slayyyter
Charli xcx,Caroline Polachek
Charli xcx,Sky Ferreira
Charli xcx,A. G. Cook
Zone Tripper,Planet Hunter
Zone Tripper,Electric Dark Souls
Zone Tripper,Moskva-Kassiopeya
Zone Tripper,3 Force
Zone Tripper,Red MarKer
Bruno Mars,"Bruno Mars, Anderson .Paak, Silk Sonic"
Bruno Mars,Charlie Puth
Bruno Mars,"Bruno Mars, Anderson .Paak & Silk Sonic"
Bruno Mars,Maroon 5
Bruno Mars,Ne-Yo
Cashmere Cat,Mura Masa
Cashmere Cat,Snakehips
Cashmere Cat,Flume
Cashmere Cat,Kiiara
Cashmere Cat,Hudson Mohawke
DJ Bobo,Masterboy
DJ Bobo,Ice MC
DJ Bobo,Fun Factory
DJ Bobo,Captain Hollywood Project
DJ Bobo,Magic Affair
Block B,Block B - Bastarz
Block B,ZICO
Block B,B.A.P
Block B,2PM
Block B,VIXX
Rajat Arora,Sunil Panda-The Educator
Rajat Arora,THE GAURAV JAIN
Rajat Arora,ExtraClass
Rajat Arora,T-Series
Rajat Arora,Students Heaven
Toco,Tamba 4
Toco,The Ipanemas
Toco,Rosalia De Souza
Toco,Roberto Menescal E Seu Conjunto
Toco,Ed Lincoln
ChocQuibTown,Carlos Vives
ChocQuibTown,Bomba Estéreo
ChocQuibTown,Fonseca
ChocQuibTown,Andrés Cepeda
ChocQuibTown,Piso 21
James Arthur,Dean Lewis
James Arthur,Lewis Capaldi
James Arthur,Calum Scott
James Arthur,James TW
James Arthur,Henry Moodie
Vinícius de Moraes,Toquinho
Vinícius de Moraes,Chico Buarque
Vinícius de Moraes,Baden Powell
Vinícius de Moraes,Vinicius de Moraes
Vinícius de Moraes,João Donato
Holly Walker,Cash+David
Holly Walker,A House In The Trees
Holly Walker,Malihini
Holly Walker,Khazali
Holly Walker,Martha Da'ro
Juanes,Bacilos
Juanes,Carlos Vives
Juanes,Maná
Juanes,Chayanne
Juanes,Fonseca
Ty Dolla $ign,Kanye West
Ty Dolla $ign,¥$
Ty Dolla $ign,"¥$, Kanye West & Ty Dolla $ign"
Ty Dolla $ign,Offset
Ty Dolla $ign,King Combs
2 In A Room,49ers
2 In A Room,Black Box
2 In A Room,Cappella
2 In A Room,Technotronic
2 In A Room,Mr. Lee
Elvis Crespo,Los Hermanos Rosario
Elvis Crespo,La Makina
Elvis Crespo,Eddy Herrera
Elvis Crespo,Wilfrido Vargas
Elvis Crespo,Oro Solido
Maki,NIO
Maki,Cup of Joe
Maki,Rob Deniel
Maki,Eliza Maturan
Maki,Zack Tabudlo
SOYOU,Sondia
SOYOU,DAVICHI
SOYOU,Gummy
SOYOU,에일리
SOYOU,Kim Na Young
AOA,SISTAR
AOA,Girl's Day
AOA,EXID
AOA,HELLO VENUS
AOA,9MUSES
Helene Fischer,Andrea Berg
Helene Fischer,Maite Kelly
Helene Fischer,Beatrice Egli
Helene Fischer,Roland Kaiser
Helene Fischer,Anna-Maria Zimmermann
Carlos Vives,Fonseca
Carlos Vives,Bacilos
Carlos Vives,Juanes
Carlos Vives,ChocQuibTown
Carlos Vives,Silvestre Dangond
Jennie,JISOO
Jennie,BLACKPINK
Jennie,Rosé
Jennie,Lisa
Jennie,Meovv
Anarbor,makeout
Anarbor,Forever the Sickest Kids
Anarbor,Every Avenue
Anarbor,With Confidence
Anarbor,Waterparks
Jasmine Thompson,Madilyn Bailey
Jasmine Thompson,James TW
Jasmine Thompson,Sofia Karlberg
Jasmine Thompson,Kina Grannis
Jasmine Thompson,Calum Scott
Pets tseng,Jia Jia
Pets tseng,TANK 呂建忠
Pets tseng,Rachel Liang
Pets tseng,Claire Kuo
Pets tseng,Nicky Lee
Mike Bahía,Greeicy
Mike Bahía,Piso 21
Mike Bahía,Camilo
Mike Bahía,Fonseca
Mike Bahía,TIMØ
Tomasito,Calima
Tomasito,Lumbre
Tomasito,El Canijo de Jerez
Tomasito,Los Aslándticos
Tomasito,Raimundo Amador
Coldplay,Keane
Coldplay,Imagine Dragons
Coldplay,OneRepublic
Coldplay,Snow Patrol
Coldplay,U2
Robyn,Röyksopp & Robyn
Robyn,Robyn & La Bagatelle Magique
Robyn,Lily Allen
Robyn,Agnes
Robyn,Kylie Minogue
Christina Perri,Rachel Platten
Christina Perri,Colbie Caillat
Christina Perri,Sara Bareilles
Christina Perri,Alex & Sierra
Christina Perri,A Great Big World
Andrew Bird,Iron & Wine
Andrew Bird,Madison Cunningham
Andrew Bird,M. Ward
Andrew Bird,Beirut
Andrew Bird,Fruit Bats
The Weeknd,Tory Lanez
The Weeknd,Black Atlass
The Weeknd,Drake
The Weeknd,PARTYNEXTDOOR
The Weeknd,Don Toliver
French Montana,DJ Khaled
French Montana,Meek Mill
French Montana,Max B
French Montana,Jim Jones
French Montana,Fabolous
Gigi D'Agostino,DJ Ross
Gigi D'Agostino,Prezioso
Gigi D'Agostino,Alice Deejay
Gigi D'Agostino,Eiffel 65
Gigi D'Agostino,Sash!
Shy Carter,Katy Tiz
Shy Carter,Josh Melton
Shy Carter,Chris Moreno
Shy Carter,Callista Clark
Shy Carter,Josh Ramsay
Omega,Ken Hensley
Omega,Uriah Heep
Omega,Czesław Niemen
Omega,Manfred Mann's Earth Band
Omega,SBB
Pink Martini,Gotan Project
Pink Martini,Stacey Kent
Pink Martini,Paris Combo
Pink Martini,Madeleine Peyroux
Pink Martini,Club Des Belugas
Nick Jonas,Jonas Brothers
Nick Jonas,Joe Jonas
Nick Jonas,Nick Jonas & the Administration
Nick Jonas,DNCE
Nick Jonas,Kevin Jonas
Maluma,J Balvin
Maluma,Nicky Jam
Maluma,Ozuna
Maluma,Piso 21
Maluma,Manuel Turizo
Nicolas Mayorca,Critika & Saik
Nicolas Mayorca,Henry Mendez
Nicolas Mayorca,Xriz
Nicolas Mayorca,DCS
Nicolas Mayorca,YANDAR
Ha*Ash,Jesse & Joy
Ha*Ash,Reik
Ha*Ash,Camila
Ha*Ash,Sin Bandera
Ha*Ash,La Quinta Estación
Djane HouseKat,Kyanu
Djane HouseKat,R.I.O.
Djane HouseKat,Marc Korn
Djane HouseKat,Klaas
Djane HouseKat,The Hitmen
Sam Martin,Amy Guess
Sam Martin,Ashworth
Sam Martin,Elyaz
Sam Martin,MSTR ROGERS
Sam Martin,Sleeping Wolf
Shakira,Paulina Rubio
Shakira,Belinda
Shakira,Thalía
Shakira,Julieta Venegas
Shakira,Gloria Trevi
Alkilados,Dalmata
Alkilados,Andy Rivera
Alkilados,Mike Bahía
Alkilados,Ñejo & Dalmata
Alkilados,Piso 21
Toquinho,Vinícius de Moraes
Toquinho,Vinicius de Moraes
Toquinho,Miúcha
Toquinho,Chico Buarque
Toquinho,Elis Regina
2PM,Jun.K
2PM,MBLAQ
2PM,Lee JunHo
2PM,Infinite
2PM,TEEN TOP
Beluga's Trio,General Soundbwoy
Beluga's Trio,BossArt Ensemble
Beluga's Trio,Celso Mendes
Beluga's Trio,Lizette
Beluga's Trio,Dinah York
Justin Bieber,Shawn Mendes
Justin Bieber,Zayn
Justin Bieber,Ariana Grande
Justin Bieber,Chris Brown
Justin Bieber,Austin Mahone
BANKS,MØ
BANKS,VÉRITÉ
BANKS,Tove Lo
BANKS,Lykke Li
BANKS,Broods
Mr. Juve,Susanu
Mr. Juve,Iuly Neamtu
Mr. Juve,Dj Magic Romania
Mr. Juve,Liviu Guta
Mr. Juve,DENIS RAMNICEANU
Benjamin Clementine,Antony and the Johnsons
Benjamin Clementine,Sophie Hunger
Benjamin Clementine,Michael Kiwanuka
Benjamin Clementine,Roseaux
Benjamin Clementine,Piers Faccini
Nick Mulvey,Blanco White
Nick Mulvey,Roo Panes
Nick Mulvey,Ben Howard
Nick Mulvey,Charlie Cunningham
Nick Mulvey,Dekker
Nicki Minaj,Young Money
Nicki Minaj,JT
Nicki Minaj,London On Da Track
Nicki Minaj,City Girls
Nicki Minaj,Yo Gotti
Alejandro Sanz,Cristian Castro
Alejandro Sanz,Ricardo Arjona
Alejandro Sanz,Franco De Vita
Alejandro Sanz,Sin Bandera
Alejandro Sanz,Ricardo Montaner
Freeway,Memphis Bleek
Freeway,Beanie Sigel
Freeway,Jadakiss
Freeway,Cam'ron
Freeway,Juelz Santana
Fondo Flamenco,Andy & Lucas
Fondo Flamenco,El Barrio
Fondo Flamenco,Estopa
Fondo Flamenco,Los Chichos
Fondo Flamenco,Los Delinqüentes
Reik,Camila
Reik,Sin Bandera
Reik,Jesse & Joy
Reik,Río Roma
Reik,Ha*Ash
Emeli Sandé,Leona Lewis
Emeli Sandé,Rebecca Ferguson
Emeli Sandé,Paloma Faith
Emeli Sandé,Ella Henderson
Emeli Sandé,Alicia Keys
Xenturion Prime,Machinista
Xenturion Prime,Beyond Border
Xenturion Prime,Uncreated
Xenturion Prime,Unity One
Xenturion Prime,Surveillance
Joey Galaxy,Young Cash
Joey Galaxy,Cory Gunz
Joey Galaxy,Mack Maine
Joey Galaxy,CyHi The Prynce
Joey Galaxy,Honey Cocaine
Megabass,Two Little Boys
Megabass,Nacho Division
Megabass,The Hypnotist
Megabass,Liquid Crystal
Megabass,High Density
El Arrebato,Antonio Orozco
El Arrebato,Melendi
El Arrebato,El Barrio
El Arrebato,Estopa
El Arrebato,Andy & Lucas
El Cuarteto De Nos,La Vela Puerca
El Cuarteto De Nos,No Te Va Gustar
El Cuarteto De Nos,Los Rodríguez
El Cuarteto De Nos,Soda Stereo
El Cuarteto De Nos,Fito Páez
DJ Antoine,R.I.O.
DJ Antoine,Edward Maya
DJ Antoine,Remady
DJ Antoine,David Guetta
DJ Antoine,Klaas
Becky,Fright Ranger
Becky,Kitty Von Steel
Becky,Yoshi J
Becky,Barbie Young
Becky,Judy Crystal
Pharrell Williams,N*E*R*D
Pharrell Williams,"Tyler, The Creator"
Pharrell Williams,OFWGKTA
Pharrell Williams,Kelis
Pharrell Williams,Clipse
Red Velvet,Wendy
Red Velvet,SEULGI
Red Velvet,Joy
Red Velvet,Red Velvet - IRENE & SEULGI
Red Velvet,Irene
Sophie Ellis-Bextor,Kylie Minogue
Sophie Ellis-Bextor,Dannii Minogue
Sophie Ellis-Bextor,Sugababes
Sophie Ellis-Bextor,Girls Aloud
Sophie Ellis-Bextor,Rachel Stevens
Andrew Belle,Dustin Tebbutt
Andrew Belle,Aron Wright
Andrew Belle,Harrison Storm
Andrew Belle,Greg Laswell
Andrew Belle,Racing Glaciers
Jay Park,Sik-K
Jay Park,ZICO
Jay Park,pH-1
Jay Park,Coogie
Jay Park,Mino
Tyler Ward,Alex Goot
Tyler Ward,Kurt Hugo Schneider
Tyler Ward,Boyce Avenue
Tyler Ward,Megan Davies
Tyler Ward,Jessie J
Hype,Rhyn
Hype,Mr Jones Machine
Hype,Fresh Body Shop
Hype,Sista mannen på jorden
Hype,Steep
Cholo Valderrama,Aries Vigoth
Cholo Valderrama,Reynaldo Armas
Cholo Valderrama,Alejandro Rondon
Cholo Valderrama,Jorge Guerrero
Cholo Valderrama,Vitico Castillo
Shawn Mendes,"Shawn Mendes, Camila Cabello"
Shawn Mendes,Niall Horan
Shawn Mendes,Shawn Mendes & Camila Cabello
Shawn Mendes,Joshua Bassett
Shawn Mendes,Camila Cabello
Rhodes,Amber Run
Rhodes,Birdy
Rhodes,Andrew Belle
Rhodes,Gavin James
Rhodes,Aquilo
Brian Cross,DJ Nano
Brian Cross,Dani Moreno
Brian Cross,Jose AM
Brian Cross,Wally Lopez
Brian Cross,Geo Da Silva & Saftik
Kike Boy,B.P.M. System
Kike Boy,Sensity World
Kike Boy,Piropo
Kike Boy,New Limit
Kike Boy,ACTV
Jamie Lawson,Newton Faulkner
Jamie Lawson,Gavin James
Jamie Lawson,James Bay
Jamie Lawson,James TW
Jamie Lawson,Stu Larsen
Sarayma,Demarco Flamenco
Sarayma,Indara
Sarayma,Lorena Santos
Sarayma,Shakira Martínez
Sarayma,juanlu montoya
lavi kou,sundots
lavi kou,alex_g_offline
lavi kou,Nafeesisboujee
lavi kou,ivri
lavi kou,lots of hands
Andrés Cepeda,Santiago Cruz
Andrés Cepeda,Fonseca
Andrés Cepeda,Manuel Medrano
Andrés Cepeda,Cabas
Andrés Cepeda,Carlos Vives
Morat,Reik
Morat,TIMØ
Morat,Ha*Ash
Morat,Camila
Morat,Fonseca
Little Mix,Leigh-Anne
Little Mix,Perrie
Little Mix,Fifth Harmony
Little Mix,Jesy Nelson
Little Mix,The Saturdays
Junior Caldera,Antoine Clamaran
Junior Caldera,Sophie Ellis-Bextor
Junior Caldera,Muttonheads
Junior Caldera,Spiller
Junior Caldera,Laurent Wolf
Los Rebujitos,Decai
Los Rebujitos,La Húngara
Los Rebujitos,Sergio Contreras
Los Rebujitos,Nolasco
Los Rebujitos,Sarayma
Lorde,HAIM
Lorde,Addison Rae
Lorde,Caroline Polachek
Lorde,Sky Ferreira
Lorde,Charli xcx
Gregory Porter,Cassandra Wilson
Gregory Porter,Diana Krall
Gregory Porter,Melody Gardot
Gregory Porter,José James
Gregory Porter,Jamie Cullum
Tove Lo,Kim Petras
Tove Lo,Ellie Goulding
Tove Lo,Bebe Rexha
Tove Lo,MØ
Tove Lo,BANKS
Taylor Swift,Sabrina Carpenter
Taylor Swift,Olivia Rodrigo
Taylor Swift,Gracie Abrams
Taylor Swift,Harry Styles
Taylor Swift,Chappell Roan
La Húngara,Los Rebujitos
La Húngara,Decai
La Húngara,Tijeritas
La Húngara,Kiko & Shara
La Húngara,El maki
Anitta,Luísa Sonza
Anitta,PEDRO SAMPAIO
Anitta,Lexa
Anitta,Pabllo Vittar
Anitta,POCAH
Loreen,Dotter
Loreen,Sissal
Loreen,Kaleen
Loreen,Cornelia Jakobs
Loreen,Klara Hammarström
Mino,Winner
Mino,ZICO
Mino,강승윤
Mino,Jay Park
Mino,G-DRAGON
Camila,Reik
Camila,Sin Bandera
Camila,Jesse & Joy
Camila,Ha*Ash
Camila,Chayanne
Mika,Scissor Sisters
Mika,Robbie Williams
Mika,Take That
Mika,Olly Murs
Mika,Sophie Ellis-Bextor
Beyoncé,The Carters
Beyoncé,Destiny's Child
Beyoncé,Chloe x Halle
Beyoncé,Solange
Beyoncé,Chlöe
Stereo Dub,Freedom Dub
Stereo Dub,Anakelly
Stereo Dub,Groovy Waters
Stereo Dub,Urselle
Stereo Dub,Dual Sessions
Molly Nilsson,John Maus
Molly Nilsson,Geneva Jacuzzi
Molly Nilsson,Sally Dige
Molly Nilsson,Galatée
Molly Nilsson,Lust for Youth
GD X TAEYANG,G-DRAGON
GD X TAEYANG,Bigbang
GD X TAEYANG,GD&TOP
GD X TAEYANG,T.O.P
GD X TAEYANG,태양
Kodaline,Amber Run
Kodaline,Sleeping at Last
Kodaline,Vance Joy
Kodaline,The Script
Kodaline,Imagine Dragons
Aleks Syntek,Moenia
Aleks Syntek,Kalimba
Aleks Syntek,Miguel Bosé
Aleks Syntek,Timbiriche
Aleks Syntek,Alejandro Sanz
Vulfpeck,Vulfmon
Vulfpeck,The Fearless Flyers
Vulfpeck,Cory Wong
Vulfpeck,Snarky Puppy
Vulfpeck,Louis Cole
Celso Mendes,Beluga's Trio
Celso Mendes,Dinah York
Celso Mendes,Nova Bossa Ltd.
Celso Mendes,Brazil XXI
Celso Mendes,The Moleskins
Italobrothers,Manian
Italobrothers,Groove Coverage
Italobrothers,Master Blaster
Italobrothers,Empyre One
Italobrothers,Cascada
Laura Pausini,Tiziano Ferro
Laura Pausini,Giorgia
Laura Pausini,Eros Ramazzotti
Laura Pausini,Deborah Blando
Laura Pausini,Thalía
2NE1,박봄
2NE1,CL
2NE1,4minute
2NE1,SISTAR
2NE1,현아
Britney Spears,Christina Aguilera
Britney Spears,Madonna
Britney Spears,The Pussycat Dolls
Britney Spears,Kylie Minogue
Britney Spears,Hilary Duff
Kid Ink,Chris Brown
Kid Ink,Tyga
Kid Ink,Chris Brown & Tyga
Kid Ink,DJ Khaled
Kid Ink,Fetty Wap
Foxygen,Pond
Foxygen,Mystic Braves
Foxygen,Drugdealer
Foxygen,Allah-Las
Foxygen,Temples
Rameez,Monika Lewczuk
Rameez,Deepend feat. Graham Candy
Rameez,Michael Mind Project feat. Dante Thomas
Rameez,Jacinto
Rameez,Alan Jacques
Calibre 50,Gerardo Ortiz
Calibre 50,Julión Álvarez y su Norteño Banda
Calibre 50,Banda Los Recoditos
Calibre 50,El Komander
Calibre 50,Remmy Valenzuela
Asu,Albemuth
Asu,Empty old City
Asu,V.W.P
Asu,Myuk
Asu,Tayori
SEREBRO,Винтаж
SEREBRO,Nyusha
SEREBRO,Елена Темникова
SEREBRO,ВИА Гра
SEREBRO,Ольга Серябкина
Cristian Castro,Chayanne
Cristian Castro,Ricardo Montaner
Cristian Castro,Sin Bandera
Cristian Castro,Franco De Vita
Cristian Castro,Alejandro Sanz
Ricardo Autobahn,Victims of Science
Ricardo Autobahn,Colorpulse
Ricardo Autobahn,RevoLucian
Ricardo Autobahn,Funtastic Power!
Ricardo Autobahn,Viktor Antonov
Midiland,Mighty Monster
Midiland,René de Wael
Midiland,Mark Sandell & Neil Watson
Midiland,Masego a Don Toliver
Midiland,"Metro Boomin, Travis Scott a Young Thug"
BTS,Agust D
BTS,Jin
BTS,RM
BTS,j-hope
BTS,Jimin
Ruth B.,Alex & Sierra
Ruth B.,Lauren Spencer Smith
Ruth B.,Ali Gatie
Ruth B.,Sadie Jean
Ruth B.,Christina Perri
Maroon 5,OneRepublic
Maroon 5,Adam Levine
Maroon 5,The Script
Maroon 5,Train
Maroon 5,Rixton
Natascha,Index Meets Solimano
Natascha,Natalie Renoir
Natascha,"Morgan, G & Machines"
Natascha,Style Project
Natascha,Lalann
juanlu montoya,Antoñito Molina
juanlu montoya,RaulE
juanlu montoya,Sarayma
juanlu montoya,Nolasco
juanlu montoya,Shakira Martínez
El Suso,Fran Ocaña
El Suso,Sarayma
El Suso,Pedro El Flamenkito
El Suso,El biri
El Suso,aldeskuido
London Grammar,Haevn
London Grammar,Birdy
London Grammar,Freya Ridings
London Grammar,Broods
London Grammar,Låpsley
Carly Rae Jepsen,Robyn
Carly Rae Jepsen,Foxes
Carly Rae Jepsen,Charli xcx
Carly Rae Jepsen,Jessie Ware
Carly Rae Jepsen,Kim Petras
Jennifer Lopez,Ciara
Jennifer Lopez,The Pussycat Dolls
Jennifer Lopez,Christina Aguilera
Jennifer Lopez,Jessica Simpson
Jennifer Lopez,Nicole Scherzinger
Bigbang,G-DRAGON
Bigbang,GD&TOP
Bigbang,Daesung
Bigbang,T.O.P
Bigbang,태양
Miguel Bosé,Mecano
Miguel Bosé,Emmanuel
Miguel Bosé,Alejandro Sanz
Miguel Bosé,Aleks Syntek
Miguel Bosé,Ana Torroja
Ofenbach,Kungs
Ofenbach,Robin Schulz
Ofenbach,R3hab
Ofenbach,Lost Frequencies
Ofenbach,Felix Jaehn
Madonna,Kylie Minogue
Madonna,Britney Spears
Madonna,Janet Jackson
Madonna,Christina Aguilera
Madonna,Cher
All Time Low,Mayday Parade
All Time Low,State Champs
All Time Low,The Maine
All Time Low,Simple Creatures
All Time Low,We the Kings
The WAV.s,GoonRock
The WAV.s,"Enrique Iglesias, Pitbull, The WAV.s"
The WAV.s,Eric Amarillo
The WAV.s,"Usher, Lil Wayne, Enrique Iglesias"
The WAV.s,Dj Frank E
Leon Bridges,Khruangbin & Leon Bridges
Leon Bridges,The Teskey Brothers
Leon Bridges,Black Pumas
Leon Bridges,Michael Kiwanuka
Leon Bridges,Curtis Harding
Ulises Bueno,Rodrigo
Ulises Bueno,La K'onga
Ulises Bueno,Banda XXI
Ulises Bueno,Walter Olmos
Ulises Bueno,Ke Personajes
Silvestre Dangond,Kaleth Morales
Silvestre Dangond,Binomio De Oro
Silvestre Dangond,Diomedes Díaz
Silvestre Dangond,Los Inquietos
Silvestre Dangond,Binomio de Oro de América
Abel Pintos,Tan Bionica
Abel Pintos,Soledad
Abel Pintos,Los Nocheros
Abel Pintos,Axel
Abel Pintos,Los Manseros Santiagueños
Paramore,Hayley Williams
Paramore,Tonight Alive
Paramore,Fall Out Boy
Paramore,Panic! at the Disco
Paramore,My Chemical Romance
Ilsey,Mary Chapin Carpenter
Ilsey,Zach Bryan
Ilsey,Bon Iver
Ilsey,Chris Stapleton
Ilsey,Ruston Kelly
Mustard,YG
Mustard,Quavo
Mustard,Roddy Ricch
Mustard,Big Sean
Mustard,Rich the Kid
Kid Cudi,KIDS SEE GHOSTS
Kid Cudi,Kanye West
Kid Cudi,Chance the Rapper
Kid Cudi,Pusha T
Kid Cudi,Childish Gambino
Fly Project,Inna
Fly Project,Akcent
Fly Project,Connect-R
Fly Project,DJ Project
Fly Project,Antonia
Wonder Girls,miss A
Wonder Girls,f(x)
Wonder Girls,Kara
Wonder Girls,Brown Eyed Girls
Wonder Girls,After School
"Tyler, The Creator",OFWGKTA
"Tyler, The Creator",Kendrick Lamar
"Tyler, The Creator",Childish Gambino
"Tyler, The Creator",Domo Genesis
"Tyler, The Creator",Casey Veggies
Mad Mark,Mad Mark feat. Manuel
Mad Mark,DJ Antoine vs Mad Mark
Mad Mark,DJ Prom
Mad Mark,DJ Antoine feat. Bonse
Mad Mark,the b*tch brothers pres. limousine
Kanye West,¥$
Kanye West,KIDS SEE GHOSTS
Kanye West,JAY-Z & Kanye West
Kanye West,The Throne
Kanye West,Ty Dolla $ign
The Style Council,The Jam
The Style Council,Paul Weller
The Style Council,Aztec Camera
The Style Council,The Blow Monkeys
The Style Council,Nick Heyward
The Avener,Synapson
The Avener,Kungs
The Avener,Feder
The Avener,Møme
The Avener,Jabberwocky
Cassandra Beck,Jamie Lancaster
Cassandra Beck,The Cooltrane Quartet
Cassandra Beck,48th St. Collective
Cassandra Beck,George White Group
Cassandra Beck,Sarah Menescal
Adele,Sam Smith
Adele,Whitney Houston
Adele,Sia
Adele,Beyoncé
Adele,Amy Winehouse
Daniela Maia,Maria Durão
Daniela Maia,X-Tense
Daniela Maia,Mimi Froes
Daniela Maia,Luís Severo
Daniela Maia,D.A.M.A
Manuel Medrano,Andrés Cepeda
Manuel Medrano,Humbe
Manuel Medrano,Fonseca
Manuel Medrano,Bacilos
Manuel Medrano,Esteman
Nas,JAY-Z
Nas,AZ
Nas,Mobb Deep
Nas,Big L
Nas,Raekwon
Eve St. Jones,Sarah Menescal
Eve St. Jones,Michelle Simonal
Eve St. Jones,Ituana
Eve St. Jones,The Cooltrane Quartet
Eve St. Jones,Karen Souza
Evelyn Thomas,Viola Wills
Evelyn Thomas,Gibson Brothers
Evelyn Thomas,Tony Esposito
Evelyn Thomas,David Christie
Evelyn Thomas,Lonnie Gordon
Luis Fonsi,Reik
Luis Fonsi,David Bisbal
Luis Fonsi,Chayanne
Luis Fonsi,Sin Bandera
Luis Fonsi,Camila
Yuridia,María José
Yuridia,Edith Márquez
Yuridia,HA-ASH
Yuridia,Gloria Trevi
Yuridia,Alejandra Guzmán
Liviu Guta,Vali Vijelie
Liviu Guta,Cristi Dules
Liviu Guta,Adi De La Valcea
Liviu Guta,Babi Minune
Liviu Guta,Liviu Pustiu
Valeria,Nicole Kidman
Valeria,Eden xo
Valeria,Holly Valance
Valeria,Girlicious
Valeria,REYSHA RAMI
Exo,EXO-K
Exo,EXO-CBX
Exo,EXO-SC
Exo,Chen
Exo,BAEKHYUN
Bossanatics,Costa Azul Quartet
Bossanatics,Diana Martinez
Bossanatics,Victor Peixeiro
Bossanatics,Andre Sarbib
Bossanatics,Nova Jazzers
Peter Polycarpou,Original London Cast
Peter Polycarpou,Roger Allam
Peter Polycarpou,Gavin Creel
Peter Polycarpou,Les Misérables: International Cast
Peter Polycarpou,Brent Carver
Nils Landgren,Nils Landgren Funk Unit
Nils Landgren,Ulf Wakenius
Nils Landgren,Wolfgang Haffner
Nils Landgren,Ida Sand
Nils Landgren,Michael Wollny
Antonio José,Pablo López
Antonio José,Manuel Carrasco
Antonio José,Pablo Alborán
Antonio José,Luis Fonsi
Antonio José,Antonio Orozco
Drake,PARTYNEXTDOOR
Drake,DJ Khaled
Drake,Drake & Future
Drake,Tory Lanez
Drake,Bryson Tiller
Grimes,Grimes & i_o
Grimes,Arca
Grimes,Blood Diamonds
Grimes,Björk
Grimes,FKA twigs
Lianne La Havas,Cleo Sol
Lianne La Havas,Corinne Bailey Rae
Lianne La Havas,Moses Sumney
Lianne La Havas,Arlo Parks
Lianne La Havas,Jorja Smith
Supreme Boi,Kidoh
Supreme Boi,i11evn
Supreme Boi,Keem Hyo-Eun
Supreme Boi,Illson
Supreme Boi,Flowsik
Monty,Visages
Monty,Sustance
Monty,Enei
Monty,Waeys
Monty,Wingz
Marc Anthony,Gilberto Santa Rosa
Marc Anthony,Jerry Rivera
Marc Anthony,Victor Manuelle
Marc Anthony,Tito Nieves
Marc Anthony,Víctor Manuelle
Blood Orange,Solange
Blood Orange,Erika de Casier
Blood Orange,Kelela
Blood Orange,Dijon
Blood Orange,Nourished by Time
Nani Cortés,Lin Cortés
Nani Cortés,Manuel Cortés
Nani Cortés,RaulE
Nani Cortés,Kiki Morente
Nani Cortés,juanlu montoya
Ituana,Dual Sessions
Ituana,Anakelly
Ituana,Michelle Simonal
Ituana,Urban Love
Ituana,Amazonics
G.E.M.,A-Lin
G.E.M.,林俊傑
G.E.M.,蔡依林
G.E.M.,田馥甄
G.E.M.,Wanting
Just Blaze,Ski Beatz
Just Blaze,Khrysis
Just Blaze,Nottz
Just Blaze,Kidz in the Hall
Just Blaze,Johnson&Jonson
A$AP Ferg,A$AP Mob
A$AP Ferg,A$AP Twelvyy
A$AP Ferg,Maxo Kream
A$AP Ferg,Migos
A$AP Ferg,ScHoolboy Q
Juan Luis Guerra 4.40,Juan Luis Guerra
Juan Luis Guerra 4.40,Chichi Peralta
Juan Luis Guerra 4.40,Proyecto Uno
Juan Luis Guerra 4.40,Wilfrido Vargas
Juan Luis Guerra 4.40,Sergio Vargas
Lindsey Stirling,Taylor Davis
Lindsey Stirling,Bond
Lindsey Stirling,The Piano Guys
Lindsey Stirling,David Garrett
Lindsey Stirling,Simply Three
Cher Lloyd,Cheryl Cole
Cher Lloyd,G.R.L.
Cher Lloyd,Cheryl
Cher Lloyd,Jessie J
Cher Lloyd,Ashley Tisdale
Scubba,Banda Do Sul
Scubba,Michelle Simonal
Scubba,Urban Love
Scubba,Amazonics
Scubba,Groove Da Praia
The Cooltrane Quartet,48th St. Collective
The Cooltrane Quartet,Sarah Menescal
The Cooltrane Quartet,Jamie Lancaster
The Cooltrane Quartet,Cassandra Beck
The Cooltrane Quartet,Stella Starlight Trio
Iggy Azalea,Nicki Minaj
Iggy Azalea,Brooke Candy
Iggy Azalea,Saweetie
Iggy Azalea,Bia
Iggy Azalea,City Girls
Sia,Adele
Sia,Birdy
Sia,Bebe Rexha
Sia,Jessie J
Sia,P!nk
Jesse,decem
Jesse,Liam Starling
Jesse,beigecatt
Jesse,Elio Laurent
Jesse,emily jeffri
Lily Allen,Robyn
Lily Allen,ROSALÍA
Lily Allen,Zara Larsson
Lily Allen,Hayley Williams
Lily Allen,Audrey Hobert
Denisa,Nicolae Guta
Denisa,Florin Salam
Denisa,Nicolae Guță
Denisa,Blondu de la Timisoara
Denisa,Tzanca Uraganu
McFly,McBusted
McFly,Busted
McFly,Scouting for Girls
McFly,Jonas Brothers
McFly,The Vamps
Daily Planet,Johan Baeckström
Daily Planet,Machinista
Daily Planet,Vogon Poetry
Daily Planet,The Mobile Homes
Daily Planet,Mr Jones Machine
Demi Lovato,Demi Lovato & Joe Jonas
Demi Lovato,Miley Cyrus
Demi Lovato,Zara Larsson
Demi Lovato,Selena Gomez & the Scene
Demi Lovato,Kelly Clarkson
Kelly Clarkson,P!nk
Kelly Clarkson,Leona Lewis
Kelly Clarkson,Carrie Underwood
Kelly Clarkson,JoJo
Kelly Clarkson,Ashlee Simpson
TWICE,JIHYO
TWICE,NAYEON
TWICE,TZUYU
TWICE,CHAEYOUNG
TWICE,NMIXX
Hanson,Aaron Carter
Hanson,O-Town
Hanson,Backstreet Boys
Hanson,Nick Carter
Hanson,*NSYNC
Dua Lipa,Silk City
Dua Lipa,Ava Max
Dua Lipa,Katy Perry
Dua Lipa,Zara Larsson
Dua Lipa,Lady Gaga
Sarah Menescal,Eve St. Jones
Sarah Menescal,Michelle Simonal
Sarah Menescal,Amazonics
Sarah Menescal,The Cooltrane Quartet
Sarah Menescal,Groove Da Praia
John Ryan,Jason Covenant
John Ryan,"Flexstyle, OA"
John Ryan,OverClocked Assembled
John Ryan,Ergosonic
John Ryan,metaphist
Kriss,Kriss Cologne
Kriss,Burger
Kriss,Spieltrieb
Kriss,Strom & Wasser
Kriss,Unkraut Liedermacher
Ellie Goulding,Foxes
Ellie Goulding,Bebe Rexha
Ellie Goulding,Tove Lo
Ellie Goulding,Rita Ora
Ellie Goulding,Mabel
Ana Costa,Mariana Baltar
Ana Costa,Edu Krieger
Ana Costa,Rodrigo Maranhão
Ana Costa,Moacyr Luz
Ana Costa,Pedro Miranda
La K'onga,Ulises Bueno
La K'onga,Banda XXI
La K'onga,Luck Ra
La K'onga,Rodrigo
La K'onga,Walter Olmos
Birdy,Gabrielle Aplin
Birdy,James Bay
Birdy,Tom Odell
Birdy,Billie Marten
Birdy,Rhodes
Lucas Arnau,Gusi & Beto
Lucas Arnau,Mauricio & PalodeAgua
Lucas Arnau,Sin Animo De Lucro
Lucas Arnau,Bonka
Lucas Arnau,Jerau
Max Him,Lee Marrow
Max Him,K.B. Caps
Max Him,Miko Mission
Max Him,Grant Miller
Max Him,Ken Laszlo
Chasing Grace,New City Kings
Chasing Grace,The Dunwells
Chasing Grace,Eliza And The Bear
Chasing Grace,Youth Club
Chasing Grace,Kingsland Road
Jesse & Joy,Reik
Jesse & Joy,Ha*Ash
Jesse & Joy,Camila
Jesse & Joy,HA-ASH
Jesse & Joy,Sin Bandera
ZICO,Block B
ZICO,Jay Park
ZICO,Mino
ZICO,PENOMECO
ZICO,pH-1
Otilia,Serena
Otilia,Dharia
Otilia,Kate Linn
Otilia,Monoir
Otilia,Fly Project
Jencarlos,Jencarlos Canela
Jencarlos,Chyno Miranda
Jencarlos,Felipe Santos
Jencarlos,Sandra Echeverria
Jencarlos,Domino Saints
Rudimental,Sigma
Rudimental,Wilkinson
Rudimental,Chase & Status
Rudimental,venbee
Rudimental,Sub Focus
Stephenie Coker,Anna Maria Mühe
Stephenie Coker,Jette Von Roth
Stephenie Coker,D´Argento
Stephenie Coker,Matty Menck & Terri B.
Stephenie Coker,TUNE BROTHERS FEAT. MC FLIPSIDE
Kevin Gates,Moneybagg Yo
Kevin Gates,Boosie Badazz
Kevin Gates,Yella Beezy
Kevin Gates,Mo3
Kevin Gates,Rod Wave
Jerry Daley,Sensity World
Jerry Daley,New Limit
Jerry Daley,Piropo
Jerry Daley,Kryss
Jerry Daley,ACTV
Andra Day,Emeli Sandé
Andra Day,Ledisi
Andra Day,Joss Stone
Andra Day,Jennifer Hudson
Andra Day,India.Arie
Anastacia,Melanie C
Anastacia,Lara Fabian
Anastacia,Jamelia
Anastacia,Sarah Connor
Anastacia,Sugababes
Yurie Kokubu,Takako Mamiya
Yurie Kokubu,Tomoko Aran
Yurie Kokubu,Kaoru Akimoto
Yurie Kokubu,Kingo Hamada
Yurie Kokubu,八神純子
Cascada,Groove Coverage
Cascada,Manian
Cascada,Italobrothers
Cascada,Basshunter
Cascada,Master Blaster
J.D.B,DIRTY JOINT
J.D.B,G.B.C CAMP
J.D.B,SOMAJI
J.D.B,DUSTY HUSKY
J.D.B,¥OUNG ARM¥
G-Eazy,Skizzy Mars
G-Eazy,Logic
G-Eazy,Joyner Lucas
G-Eazy,blackbear
G-Eazy,Hoodie Allen
Naughty Boy,Jax Jones
Naughty Boy,Sam Smith
Naughty Boy,Jason Derülo
Naughty Boy,Clean Bandit
Naughty Boy,Sigala
Antonia,Inna
Antonia,DJ Project
Antonia,Andreea Banica
Antonia,Alina Eremia
Antonia,Connect-R
Generis,New Limit
Generis,Aldus Haza
Generis,Kike Boy
Generis,Emotional G
Generis,Committe
David Bisbal,Andy & Lucas
David Bisbal,Chayanne
David Bisbal,Pablo Alborán
David Bisbal,Alex Ubago
David Bisbal,Cristian Castro
Verdine White,Brittany Howard & Verdine White
Verdine White,Diana Ross & Tame Impala
Verdine White,Toyesauce
Verdine White,"Brittany Howard, Verdine White"
Verdine White,Talia Keys
will.i.am,Black Eyed Peas
will.i.am,Flo Rida
will.i.am,Pitbull
will.i.am,Taio Cruz
will.i.am,Timbaland
Marina,Marina & the Diamonds
Marina,Allie X
Marina,Melanie Martinez
Marina,Ava Max
Marina,Lady Gaga
Grupo Exterminador,Los Tigres del Norte
Grupo Exterminador,Los Morros Del Norte
Grupo Exterminador,Los Tucanes de Tijuana
Grupo Exterminador,Chalino Sanchez
Grupo Exterminador,Beto Quintanilla
Zendaya,Bella Thorne
Zendaya,China Anne McClain
Zendaya,Bridgit Mendler
Zendaya,Olivia Holt
Zendaya,Selena Gomez & the Scene
Meghan Trainor,Bebe Rexha
Meghan Trainor,Bonnie McKee
Meghan Trainor,Ava Max
Meghan Trainor,Katy Perry
Meghan Trainor,Jessie J
Mac Miller,Joey Bada$$
Mac Miller,Isaiah Rashad
Mac Miller,Vince Staples
Mac Miller,Chance the Rapper
Mac Miller,J. Cole
Big Sean,2 Chainz
Big Sean,Meek Mill
Big Sean,DJ Khaled
Big Sean,Mustard
Big Sean,Wale
Daddy Yankee,Don Omar
Daddy Yankee,Wisin & Yandel
Daddy Yankee,Plan B
Daddy Yankee,Zion & Lennox
Daddy Yankee,Alexis y Fido
Iggy Pop,The Stooges
Iggy Pop,Iggy Pop & James Williamson
Iggy Pop,Lou Reed
Iggy Pop,David Bowie
Iggy Pop,Patti Smith
Miguel Campello,Antoñito Molina
Miguel Campello,elbicho
Miguel Campello,El Canijo de Jerez
Miguel Campello,Juanito Makandé
Miguel Campello,RaulE
Camila Cabello,Fifth Harmony
Camila Cabello,Lauren Jauregui
Camila Cabello,Selena Gomez
Camila Cabello,Dinah Jane
Camila Cabello,Tate McRae
Julieta Venegas,Belanova
Julieta Venegas,Ximena Sariñana
Julieta Venegas,Paulina Rubio
Julieta Venegas,La Quinta Estación
Julieta Venegas,Natalia Lafourcade
David Guetta,Calvin Harris
David Guetta,Robin Schulz
David Guetta,Alesso
David Guetta,Ofenbach
David Guetta,Jax Jones
MONSTA X,Kihyun
MONSTA X,JOOHONEY
MONSTA X,SHOWNU X HYUNGWON (MONSTA X)
MONSTA X,I.M
MONSTA X,WONHO
India Martinez,Barrio Sur
India Martinez,Rasel
India Martinez,David Barrull
India Martinez,Paula Rojo
India Martinez,Hugo Salazar
Traviezoz de la Zierra,Alfredo Olivas
Traviezoz de la Zierra,Voz de Mando
Traviezoz de la Zierra,Beto Quintanilla
Traviezoz de la Zierra,Ariel Camacho y Los Plebes del Rancho
Traviezoz de la Zierra,Gerardo Ortiz
Cabas,Fonseca
Cabas,Andrés Cepeda
Cabas,Juanes
Cabas,Carlos Vives
Cabas,Sanalejo
Carlos Baute,David Bisbal
Carlos Baute,Chayanne
Carlos Baute,Fonseca
Carlos Baute,Bacilos
Carlos Baute,Diego Torres
Gilberto Gil,Caetano Veloso
Gilberto Gil,Luiz Melodia
Gilberto Gil,João Bosco
Gilberto Gil,Caetano Veloso & Gilberto Gil
Gilberto Gil,Milton Nascimento
Michel Teló,Gusttavo Lima
Michel Teló,Munhoz & Mariano
Michel Teló,João Neto & Frederico
Michel Teló,Cristiano Araújo
Michel Teló,Guilherme & Santiago
J Balvin,Maluma
J Balvin,Nicky Jam
J Balvin,Ozuna
J Balvin,Feid
J Balvin,Sech
Paul McCartney,Wings
Paul McCartney,Paul McCartney & Wings
Paul McCartney,John Lennon
Paul McCartney,The Beatles
Paul McCartney,Ringo Starr
Kany García,HA-ASH
Kany García,Fonseca
Kany García,Jesse & Joy
Kany García,Greeicy
Kany García,Yuridia
G-DRAGON,Bigbang
G-DRAGON,GD&TOP
G-DRAGON,Daesung
G-DRAGON,T.O.P
G-DRAGON,태양
La Oreja de Van Gogh,Amaia Montero
La Oreja de Van Gogh,Amaral
La Oreja de Van Gogh,La Quinta Estación
La Oreja de Van Gogh,El Canto del Loco
La Oreja de Van Gogh,Nena Daconte
Nicolae Guta,Florin Salam
Nicolae Guta,Tzanca Uraganu
Nicolae Guta,Denisa
Nicolae Guta,Costel Biju
Nicolae Guta,Dani Mocanu
Rihanna,Ciara
Rihanna,Beyoncé
Rihanna,Nicki Minaj
Rihanna,The Pussycat Dolls
Rihanna,Destiny's Child
St. Paul & The Broken Bones,The Dip
St. Paul & The Broken Bones,Son Little
St. Paul & The Broken Bones,Nathaniel Rateliff & the Night Sweats
St. Paul & The Broken Bones,The Teskey Brothers
St. Paul & The Broken Bones,The Meltdown
Too $hort,E-40
Too $hort,DJ Quik
Too $hort,Mac Dre
Too $hort,Spice 1
Too $hort,Mack 10
High Density,Nacho Division
High Density,Aldus Haza
High Density,K.R.B.
High Density,PG2
High Density,Bpm System
Margo Guryan,The Feminine Complex
Margo Guryan,Wendy & Bonnie
Margo Guryan,Lesley Gore
Margo Guryan,The Free Design
Margo Guryan,The Millennium
Astrud C,NG Monasterio
Astrud C,Eccko
Astrud C,Sao Vicente
Astrud C,Don & Gene
Astrud C,Rosin Taylor
Massey,OlsenFu
Massey,Analogia
Massey,Vienio & Pele
Massey,WNB
Massey,GANDI GANDA
Ricky Martin,Chayanne
Ricky Martin,Enrique Iglesias
Ricky Martin,Cristian Castro
Ricky Martin,Alejandro Sanz
Ricky Martin,Franco De Vita
Katy Perry,Bebe Rexha
Katy Perry,Dua Lipa
Katy Perry,Miley Cyrus
Katy Perry,Ava Max
Katy Perry,Selena Gomez
Lady Gaga,Ke$ha
Lady Gaga,Miley Cyrus
Lady Gaga,Madonna
Lady Gaga,Marina
Lady Gaga,Britney Spears
48th St. Collective,The Cooltrane Quartet
48th St. Collective,George White Group
48th St. Collective,Jamie Lancaster
48th St. Collective,Cassandra Beck
48th St. Collective,Urselle
Caroline Polachek,Ramona Lisa
Caroline Polachek,Oklou
Caroline Polachek,Charli xcx
Caroline Polachek,Lorde
Caroline Polachek,Weyes Blood
T.I.,Young Jeezy
T.I.,Ludacris
T.I.,Rick Ross
T.I.,Fabolous
T.I.,The Game
Tess,Adept
Tess,A Static Lullaby
Tess,Eyes Set to Kill
Tess,Envy
Tess,Funeral For A Friend
Francesco Yates,Alessia Cara
Francesco Yates,Soulidified
Francesco Yates,Robin Thicke
Francesco Yates,Lemar
Francesco Yates,Jay Sean
Edward Maya,Akcent
Edward Maya,DJ Antoine
Edward Maya,Edward Maya & Vika Jigulina
Edward Maya,Deepside Deejays
Edward Maya,R.I.O.
GOT7,Jay B
GOT7,JJ Project
GOT7,Jinyoung
GOT7,YUGYEOM
GOT7,JUS2
Fetty Wap,Kid Ink
Fetty Wap,Rae Sremmurd
Fetty Wap,YNW Melly
Fetty Wap,PnB Rock
Fetty Wap,Meek Mill
María Artés,Manuel González (Ex Rebujito)
María Artés,Sarayma
María Artés,León Bravo
María Artés,Galvan Real
María Artés,Demarco Flamenco
Junggigo,Dvwn
Junggigo,Vincent Blue
Junggigo,Zion.T
Junggigo,Rad Museum
Junggigo,Jimmy Brown
Ophélie Gaillard,Jacqueline du Pré
Ophélie Gaillard,Akademie für Alte Musik Berlin
Ophélie Gaillard,Les Musiciens du Louvre
Ophélie Gaillard,Christian-Pierre La Marca
Ophélie Gaillard,Jean-Guihen Queyras
Diana Martinez,Victor Peixeiro
Diana Martinez,Andre Sarbib
Diana Martinez,Lilian Raquel
Diana Martinez,Costa Azul Quartet
Diana Martinez,Victor Peixiero
System,Pole
System,Mesh
System,Jan Jelinek
System,Deadbeat
System,SND
The Nativos,Glutamato Ye-Ye
The Nativos,Pistones
The Nativos,Rey Lui
The Nativos,La Coartada
The Nativos,Comité cisne
Moderat,Apparat
Moderat,Modeselektor
Moderat,Christian Löffler
Moderat,Weval
Moderat,Kiasmos
Pastora Soler,Vanesa Martín
Pastora Soler,Malú
Pastora Soler,Ruth Lorenzo
Pastora Soler,Edurne
Pastora Soler,K!ngdom
Röyksopp,Goldfrapp
Röyksopp,GusGus
Röyksopp,Groove Armada
Röyksopp,Moby
Röyksopp,Schiller
Robin Thicke,Justin Timberlake
Robin Thicke,Jon B.
Robin Thicke,John Legend
Robin Thicke,Babyface
Robin Thicke,Fantasia
Ariana Grande,"Jessie J, Ariana Grande & Nicki Minaj"
Ariana Grande,Sabrina Carpenter
Ariana Grande,Cynthia Erivo
Ariana Grande,Madison Beer
Ariana Grande,Doja Cat
Men Without Hats,Thompson Twins
Men Without Hats,Howard Jones
Men Without Hats,Wang Chung
Men Without Hats,The Human League
Men Without Hats,Animotion
Los Flechazos,Cooper
Los Flechazos,Brighton 64
Los Flechazos,la granja
Los Flechazos,La Costa Brava
Los Flechazos,Surfin' Bichos
Ricardo Arjona,Sin Bandera
Ricardo Arjona,Franco De Vita
Ricardo Arjona,Chayanne
Ricardo Arjona,Alejandro Sanz
Ricardo Arjona,Ricardo Montaner
Enrique Iglesias,Ricky Martin
Enrique Iglesias,Luis Fonsi
Enrique Iglesias,Chayanne
Enrique Iglesias,Alejandro Sanz
Enrique Iglesias,Nicky Jam
Chayanne,Cristian Castro
Chayanne,Sin Bandera
Chayanne,Franco De Vita
Chayanne,Ricardo Montaner
Chayanne,Alex Ubago
Pitingo,Antonio Carmona
Pitingo,José Mercé
Pitingo,Falete
Pitingo,Miguel Poveda
Pitingo,Las Niñas
Vali Vijelie,Liviu Guta
Vali Vijelie,Adi De La Valcea
Vali Vijelie,Cristi Dules
Vali Vijelie,Copilul De Aur
Vali Vijelie,Babi Minune
Selena Gomez,Selena Gomez & the Scene
Selena Gomez,Miley Cyrus
Selena Gomez,Camila Cabello
Selena Gomez,Bridgit Mendler
Selena Gomez,Demi Lovato
FKA twigs,Kelela
FKA twigs,Rochelle Jordan
FKA twigs,Oklou
FKA twigs,Arca
FKA twigs,Björk
Icona Pop,Galantis
Icona Pop,Tove Lo
Icona Pop,Charli xcx
Icona Pop,Tove Styrke
Icona Pop,Clean Bandit
Niña Pastori,El Barrio
Niña Pastori,Estrella Morente
Niña Pastori,Diego El Cigala
Niña Pastori,El Arrebato
Niña Pastori,Ketama
Passenger,Stu Larsen
Passenger,James Bay
Passenger,Mighty Oaks
Passenger,Mumford & Sons
Passenger,Vance Joy
Nina Simone,Etta James
Nina Simone,Billie Holiday
Nina Simone,Sarah Vaughan
Nina Simone,Aretha Franklin
Nina Simone,Dinah Washington
Fonseca,Carlos Vives
Fonseca,Bacilos
Fonseca,Cabas
Fonseca,Andrés Cepeda
Fonseca,Juanes
Tinashe,Normani
Tinashe,Victoria Monét
Tinashe,Kelela
Tinashe,Chlöe
Tinashe,Jae Stephens
Kendrick Lamar,JID
Kendrick Lamar,Jay Rock
Kendrick Lamar,"Tyler, The Creator"
Kendrick Lamar,Baby Keem
Kendrick Lamar,Kanye West
Kina Grannis,The Mayries
Kina Grannis,Daniela Andrade
Kina Grannis,Megan Davies
Kina Grannis,Jasmine Thompson
Kina Grannis,Gabrielle Aplin
Luiz Bonfá,Stan Getz & Luiz Bonfá
Luiz Bonfá,João Gilberto
Luiz Bonfá,Baden Powell
Luiz Bonfá,João Donato
Luiz Bonfá,Tamba 4
Cristi Dules,Liviu Guta
Cristi Dules,Adrian Copilul Minune
Cristi Dules,Vali Vijelie
Cristi Dules,Babi Minune
Cristi Dules,Bogdan Artistu
John Legend,Alicia Keys
John Legend,Anthony Hamilton
John Legend,Musiq
John Legend,Robin Thicke
John Legend,Mary J. Blige
Ugly Duck,Puff Daehee
Ugly Duck,TUFF DAEHEE
Ugly Duck,DJ Wegun
Ugly Duck,Don Malik
Ugly Duck,Khakii
Gonzalo,Pedro Marin
Gonzalo,Lorenzo Antonio
Gonzalo,David DeMaría
Gonzalo,David Civera
Gonzalo,Banghra
Arrow Benjamin,Lake Komo
Arrow Benjamin,Jodie Abacus
Arrow Benjamin,Lawrence Taylor
Arrow Benjamin,Tenterhook
Arrow Benjamin,Stevie Parker
Maná,Enanitos Verdes
Maná,Juanes
Maná,Hombres G
Maná,Elefante
Maná,Vilma Palma E Vampiros
Pablo Alborán,David Bisbal
Pablo Alborán,Jesse & Joy
Pablo Alborán,Manuel Carrasco
Pablo Alborán,Camila
Pablo Alborán,Reik
Sean Paul,Kevin Lyttle
Sean Paul,Beenie Man
Sean Paul,Elephant Man
Sean Paul,Shaggy
Sean Paul,Flo Rida
Rich Gang,Young Thug
Rich Gang,Rich Homie Quan
Rich Gang,Young Money
Rich Gang,DJ Khaled
Rich Gang,Future
Orange Caramel,After School
Orange Caramel,T-ARA
Orange Caramel,Kara
Orange Caramel,miss A
Orange Caramel,Dal★Shabet
Vika Jigulina,Sunrise Inc
Vika Jigulina,Sam Obernik
Vika Jigulina,Adrian Sina
Vika Jigulina,Wiley & Chew Fu
Vika Jigulina,K.I.G.
Rodríguez,Yusuf
Rodríguez,Jackson C. Frank
Rodríguez,Tim Buckley
Rodríguez,Leonard Cohen
Rodríguez,Frazey Ford
Ariel Camacho y Los Plebes del Rancho,Los Plebes del Rancho de Ariel Camacho
Ariel Camacho y Los Plebes del Rancho,Ariel Camacho
Ariel Camacho y Los Plebes del Rancho,Natanael Cano
Ariel Camacho y Los Plebes del Rancho,Alta Consigna
Ariel Camacho y Los Plebes del Rancho,Junior H
Mark Ronson,Mark Ronson & The Business Intl
Mark Ronson,Clean Bandit
Mark Ronson,RAYE
Mark Ronson,Silk City
Mark Ronson,Sam Smith
Wiz Khalifa,Curren$y
Wiz Khalifa,Juicy J
Wiz Khalifa,Snoop Dogg & Wiz Khalifa
Wiz Khalifa,Berner
Wiz Khalifa,2 Chainz
Kryss,New Limit
Kryss,Sensity World
Kryss,DJ Sylvan
Kryss,Piropo
Kryss,Jerry Daley
Sergio Contreras,Kiko & Shara
Sergio Contreras,Decai
Sergio Contreras,El maki
Sergio Contreras,Los Rebujitos
Sergio Contreras,David DeMaría
United Rhythms Of Brazil,Ghetto Blaster Ltd.
United Rhythms Of Brazil,Sixth Finger Feat. Dew
United Rhythms Of Brazil,Banda Do Sul Feat. Natascha
United Rhythms Of Brazil,Brazil XXI
United Rhythms Of Brazil,Anekka
Rita Ora,Mabel
Rita Ora,Bebe Rexha
Rita Ora,Anne-Marie
Rita Ora,Cheryl
Rita Ora,Jessie J
Zedd,Martin Garrix
Zedd,Alesso
Zedd,Calvin Harris
Zedd,The Chainsmokers
Zedd,Gryffin
Basshunter,Manian
Basshunter,Italobrothers
Basshunter,Cascada
Basshunter,Daddy DJ
Basshunter,DJ Satomi
Marco Antonio Solís,Los Bukis
Marco Antonio Solís,Joan Sebastian
Marco Antonio Solís,Los Temerarios
Marco Antonio Solís,Vicente Fernández
Marco Antonio Solís,Ana Gabriel
Victor Peixeiro,Andre Sarbib
Victor Peixeiro,Diana Martinez
Victor Peixeiro,Lilian Raquel
Victor Peixeiro,Victor Peixiero
Victor Peixeiro,Costa Azul Quartet
Mack Maine,Lil Chuckee
Mack Maine,Lil Twist
Mack Maine,Gudda Gudda
Mack Maine,Jae Millz
Mack Maine,Red Cafe
J Alvarez,Tony Dize
J Alvarez,Zion
J Alvarez,Baby Rasta y Gringo
J Alvarez,Nova y Jory
J Alvarez,Wisin & Yandel
Pritam,Vishal-Shekhar
Pritam,Shankar-Ehsaan-Loy
Pritam,Sachin-Jigar
Pritam,Salim–Sulaiman
Pritam,Atif Aslam
CORAL GROUP,Petrona Martínez
CORAL GROUP,Ben Bowers & Bertie King's Royal Jamaicans
CORAL GROUP,The Mighty Dougla
CORAL GROUP,Lord Foodos
CORAL GROUP,Lord Fly
Andrea Echeverri,Héctor Buitrago
Andrea Echeverri,Choc Quib Town
Andrea Echeverri,Pernett
Andrea Echeverri,1280 Almas
Andrea Echeverri,Velandia y la tigra
SUNMI,CHUNG HA
SUNMI,Wonder Girls
SUNMI,EXID
SUNMI,CLC
SUNMI,miss A
Ed Sheeran,Lewis Capaldi
Ed Sheeran,Myles Smith
Ed Sheeran,James Arthur
Ed Sheeran,Shawn Mendes
Ed Sheeran,Calum Scott
Studio Rio,Ирвинг Берлин
Studio Rio,Джордж Гершвин
Studio Rio,Smooth Jazz Band
Studio Rio,Jean-Pierre Bertrand
Studio Rio,Lorenzo Conte
Hozier,Noah Kahan
Hozier,Gigi Perez
Hozier,Florence + the Machine
Hozier,The Crane Wives
Hozier,The Lumineers
CL,2NE1
CL,박봄
CL,Jessi
CL,MINZY
CL,현아
Alana Marie,Rachelle Spring
Alana Marie,Claudia Rezende
Alana Marie,Costa Azul Quartet
Alana Marie,Sàloa Farah
Alana Marie,Trio Musical
Justin Timberlake,*NSYNC
Justin Timberlake,Timbaland
Justin Timberlake,Robin Thicke
Justin Timberlake,Usher
Justin Timberlake,JC Chasez
James Bay,George Ezra
James Bay,Dean Lewis
James Bay,Vance Joy
James Bay,Passenger
James Bay,James TW
Dinah Eastwood,Urselle
Dinah Eastwood,Dual Sessions
Dinah Eastwood,Sarah Menescal
Dinah Eastwood,Ituana
Dinah Eastwood,Michelle Simonal
4minute,현아
4minute,T-ARA
4minute,After School
4minute,SISTAR
4minute,miss A
Los Caños,Kiko & Shara
Los Caños,Decai
Los Caños,Los Rebujitos
Los Caños,Antonio Romero
Los Caños,David DeMaría
Marian Hill,Kiiara
Marian Hill,Felix Laband
Marian Hill,Anette Askvik
Marian Hill,Hanne Boel
Marian Hill,Shaed
The New Division,Empathy Test
The New Division,Korine
The New Division,Iris
The New Division,VHS Collection
The New Division,Tesla Boy
Villamizar,Mauricio & PalodeAgua
Villamizar,Bonka
Villamizar,Cali Flow Latino
Villamizar,Jeloz
Villamizar,Arevalo
Joker Xue,Eric Chou
Joker Xue,Silence Wang
Joker Xue,林俊傑
Joker Xue,Ren Ran
Joker Xue,Wanting
Kyanu,Neptunica
Kyanu,Marc Korn
Kyanu,Mike Candys
Kyanu,Klaas
Kyanu,Steve Modana
Inna,Alexandra Stan
Inna,Antonia
Inna,Minelli
Inna,Fly Project
Inna,Akcent
Jessie J,Rita Ora
Jessie J,Cher Lloyd
Jessie J,Nicole Scherzinger
Jessie J,Pixie Lott
Jessie J,Christina Aguilera
Jess Glynne,Ella Henderson
Jess Glynne,Rita Ora
Jess Glynne,Olly Murs
Jess Glynne,Becky Hill
Jess Glynne,Jessie J
Urban Love,Michelle Simonal
Urban Love,Ituana
Urban Love,Dual Sessions
Urban Love,Amazonics
Urban Love,Sarah Menescal
Visage,Ultravox
Visage,The Human League
Visage,Heaven 17
Visage,Blancmange
Visage,Soft Cell
Disko Warp,S3RL
Disko Warp,Millionaires
Disko Warp,DJ Splash
Disko Warp,Alice Gas
Disko Warp,Nightcore
Jason Mraz,James Morrison
Jason Mraz,Colbie Caillat
Jason Mraz,Jack Johnson
Jason Mraz,Donavon Frankenreiter
Jason Mraz,James Blunt
Costa Azul Quartet,Alana Marie
Costa Azul Quartet,Trio Musical
Costa Azul Quartet,Brazil XXI
Costa Azul Quartet,Sàloa Farah
Costa Azul Quartet,Starburkes & The Tea Leaf
Twista,Fabolous
Twista,T.I.
Twista,Bone Thugs-N-Harmony
Twista,Plies
Twista,Ludacris
DJ Friz,DjFriZ
DJ Friz,Nuol
DJ Friz,MICRODOT
DJ Friz,Ginibini
DJ Friz,MY 9ME
Javed Bashir,Arif Lohar
Javed Bashir,Quratulain Balouch
Javed Bashir,Nabeel Shaukat Ali
Javed Bashir,Miss Pooja
Javed Bashir,Meesha Shafi
Gloria Trevi,Alejandra Guzmán
Gloria Trevi,María José
Gloria Trevi,Paulina Rubio
Gloria Trevi,Amanda Miguel
Gloria Trevi,Marisela
Florin Salam,Tzanca Uraganu
Florin Salam,Nicolae Guta
Florin Salam,Costel Biju
Florin Salam,Dani Mocanu
Florin Salam,Babasha
El Barrio,Niña Pastori
El Barrio,El Arrebato
El Barrio,Estopa
El Barrio,Antonio Orozco
El Barrio,Fondo Flamenco
Fiesta pop,The Refrescos
Fiesta pop,Los Inhumanos
Fiesta pop,David Otero
Fiesta pop,Alarma
Fiesta pop,Los Rebeldes
EXO-K,Exo
EXO-K,EXO-CBX
EXO-K,EXO-SC
EXO-K,BAEKHYUN
EXO-K,CHANYEOL
miss A,SISTAR
miss A,Girl's Day
miss A,T-ARA
miss A,Wonder Girls
miss A,4minute
Caroline Pennell,James Wolpert
Caroline Pennell,Jacquie Lee
Caroline Pennell,Caroline Glaser
Caroline Pennell,Michelle Chamuel
Caroline Pennell,Amber Carrington
Flo Rida,Pitbull
Flo Rida,Far East Movement
Flo Rida,Sean Kingston
Flo Rida,will.i.am
Flo Rida,B.o.B
Robin Schulz,Felix Jaehn
Robin Schulz,Lost Frequencies
Robin Schulz,Sam Feldt
Robin Schulz,Kygo
Robin Schulz,Ofenbach
JAY-Z,Nas
JAY-Z,JAY-Z & Kanye West
JAY-Z,Jadakiss
JAY-Z,Beanie Sigel
JAY-Z,Lil' Wayne
Arash,Sami Beigi
Arash,Mansour
Arash,Shadmehr Aghili
Arash,Akcent
Arash,Mohsen Yeganeh
DJ Ötzi,Wolfgang Petry
DJ Ötzi,Mickie Krause
DJ Ötzi,Peter Wackel
DJ Ötzi,Jürgen Drews
DJ Ötzi,Matthias Reim
Marina,Marina & the Diamonds
Marina,Allie X
Marina,Melanie Martinez
Marina,Ava Max
Marina,Lady Gaga
Akon,Sean Kingston
Akon,Kardinal Offishall
Akon,Nelly
Akon,Ne-Yo
Akon,Ja Rule
Korpus,Super Box
Korpus,Azzaron
Korpus,Grzegorz Kupczyk
Korpus,Open Fire
Korpus,Lord Vader
Sergio Dalma,Maldita Nerea
Sergio Dalma,Antonio Orozco
Sergio Dalma,Manuel Carrasco
Sergio Dalma,Malú
Sergio Dalma,Vanesa Martín
Vanesa Martín,Pastora Soler
Vanesa Martín,Manuel Carrasco
Vanesa Martín,Conchita
Vanesa Martín,Rozalén
Vanesa Martín,Malú
Memphis Bleek,Freeway
Memphis Bleek,Beanie Sigel
Memphis Bleek,Jadakiss
Memphis Bleek,Cam'ron
Memphis Bleek,Juelz Santana
Nolasco,Los Rebujitos
Nolasco,Siempre Asi
Nolasco,juanlu montoya
Nolasco,Demarco Flamenco
Nolasco,RaulE
Vic Fuentes,MikeyWhiskeyHands
Vic Fuentes,Jaime Preciado
Vic Fuentes,Natalie Craig
Vic Fuentes,Vic+Jonny
Vic Fuentes,Spencer Chamberlain
Remo the Hitmaker,History in the Making
Remo the Hitmaker,Jonn Hart
Remo the Hitmaker,Malachiae Warren
Remo the Hitmaker,CIRCUS LIBERTY
Remo the Hitmaker,Geovarn
Nova Jazzers,Diana Martinez
Nova Jazzers,Victor Peixeiro
Nova Jazzers,Andre Sarbib
Nova Jazzers,Lilian Raquel
Nova Jazzers,Costa Azul Quartet
B.P.M. System,Lady Gee
B.P.M. System,Kike Boy
B.P.M. System,Kryss
B.P.M. System,New Limit
B.P.M. System,Interfront
